County,Year,Grades Pre-K,Grades K-5,Grades 6-8,Grades 9-12,Unemploy_Value,POPULATION,MURDER,RAPE,ROBBERY,AGG. ASSAULT,B & E,LARCENY THEFT,M/V THEFT,GRAND TOTAL,VIOLENT CRIME TOTAL,PROPERTY CRIME TOTALS
Allegany County,2010,506,3854,1952,2710,39459.0,72721.0,4.0,26.0,48.0,234.0,596.0,1921.0,49.0,2878.0,312.0,2566.0
Allegany County,2011,499,3809,1945,2660,37349.0,75799.0,6.0,30.0,62.0,153.0,608.0,1866.0,43.0,2768.0,251.0,2517.0
Allegany County,2012,520,3822,1923,2664,35698.0,75413.0,3.0,22.0,42.0,201.0,571.0,1904.0,67.0,2810.0,268.0,2542.0
Allegany County,2013,523,3828,1951,2570,33953.0,73834.0,4.0,28.0,63.0,154.0,547.0,1787.0,54.0,2637.0,249.0,2388.0
Allegany County,2014,508,3879,1888,2590,29871.0,73299.0,2.0,15.0,31.0,153.0,550.0,1787.0,42.0,2580.0,201.0,2379.0
Allegany County,2015,495,3859,1899,2559,26513.0,72230.0,3.0,24.0,58.0,133.0,486.0,1737.0,49.0,2490.0,218.0,2272.0
Allegany County,2016,490,3853,1855,2504,23388.0,71622.0,5.0,16.0,65.0,159.0,388.0,1642.0,44.0,2319.0,245.0,2074.0
Allegany County,2017,438,3825,1835,2531,21688.0,71616.0,4.0,14.0,58.0,168.0,469.0,1724.0,46.0,2483.0,244.0,2239.0
Allegany County,2018,469,3770,1853,2447,20879.0,70577.0,2.0,20.0,42.0,189.0,404.0,1182.0,57.0,1896.0,253.0,1643.0
Allegany County,2019,455,3708,1894,2380,19400.0,70140.0,0.0,24.0,44.0,160.0,349.0,1111.0,61.0,1749.0,228.0,1521.0
Allegany County,2020,332,3468,1853,2422,27997.0,69699.0,1.0,19.0,42.0,169.0,313.0,926.0,59.0,1529.0,231.0,1298.0
Anne Arundel County,2010,1670,34305,16782,22724,243105.0,527278.0,18.0,113.0,661.0,2137.0,2860.0,11732.0,1236.0,18757.0,2929.0,15828.0
Anne Arundel County,2011,1892,34867,16848,22696,221569.0,542753.0,15.0,91.0,597.0,1972.0,2259.0,11394.0,832.0,17160.0,2675.0,14485.0
Anne Arundel County,2012,2182,36027,16911,22650,208924.0,549659.0,13.0,100.0,538.0,1630.0,2585.0,11299.0,888.0,17053.0,2281.0,14772.0
Anne Arundel County,2013,2157,36736,17073,22523,200990.0,555330.0,15.0,71.0,630.0,1603.0,2522.0,11272.0,677.0,16790.0,2319.0,14471.0
Anne Arundel County,2014,2080,37346,17380,22712,178067.0,561031.0,14.0,92.0,634.0,1523.0,2152.0,10620.0,702.0,15737.0,2263.0,13474.0
Anne Arundel County,2015,2170,37777,17769,22671,155714.0,563766.0,17.0,140.0,613.0,1425.0,2084.0,10201.0,629.0,15109.0,2195.0,12914.0
Anne Arundel County,2016,2271,38378,17890,22858,133785.0,566105.0,25.0,154.0,558.0,1575.0,1979.0,10025.0,622.0,14938.0,2312.0,12626.0
Anne Arundel County,2017,2320,39003,18233,23221,128588.0,572990.0,21.0,172.0,629.0,1433.0,1729.0,9388.0,667.0,14039.0,2255.0,11784.0
Anne Arundel County,2018,2324,38848,18746,23389,123379.0,573631.0,25.0,168.0,473.0,1382.0,1359.0,8445.0,688.0,12540.0,2048.0,10492.0
Anne Arundel County,2019,2380,39290,19427,23887,112973.0,577904.0,20.0,159.0,438.0,1220.0,1143.0,8742.0,659.0,12381.0,1837.0,10544.0
Anne Arundel County,2020,1929,37231,19581,24303,211097.0,581937.0,26.0,148.0,357.0,1286.0,1053.0,6937.0,626.0,10433.0,1817.0,8616.0
Baltimore City,2010,4874,37956,16659,24311,436870.0,639927.0,223.0,266.0,3361.0,5502.0,7646.0,16626.0,4421.0,38045.0,9352.0,28693.0
Baltimore City,2011,4852,38668,16986,23706,405268.0,626848.0,197.0,341.0,3485.0,4905.0,8649.0,17397.0,4207.0,39181.0,8928.0,30253.0
Baltimore City,2012,4890,39490,16995,23372,383052.0,625474.0,216.0,317.0,3635.0,4657.0,7796.0,17849.0,3987.0,38457.0,8825.0,29632.0
Baltimore City,2013,4763,40023,17062,22882,361720.0,622671.0,233.0,298.0,3755.0,4471.0,7440.0,19329.0,4462.0,39988.0,8757.0,31231.0
Baltimore City,2014,4811,40774,17050,22341,317811.0,623513.0,211.0,245.0,3740.0,4236.0,6966.0,18419.0,4504.0,38321.0,8432.0,29889.0
Baltimore City,2015,4691,40269,16960,21746,276909.0,621252.0,344.0,287.0,4378.0,4671.0,7803.0,18100.0,5541.0,41124.0,9680.0,31444.0
Baltimore City,2016,4488,39594,16891,21381,239361.0,618385.0,318.0,299.0,5288.0,5210.0,7399.0,17278.0,5336.0,41128.0,11115.0,30013.0
Baltimore City,2017,4411,38453,16964,20763,227783.0,613217.0,342.0,385.0,5926.0,5874.0,8056.0,17365.0,5184.0,43132.0,12527.0,30605.0
Baltimore City,2018,4337,37159,17148,20653,214845.0,605436.0,309.0,367.0,5130.0,5415.0,6074.0,17102.0,4389.0,38786.0,11221.0,27565.0
Baltimore City,2019,4394,36288,17431,21074,195491.0,597239.0,348.0,325.0,4903.0,5610.0,5434.0,16650.0,3949.0,37219.0,11186.0,26033.0
Baltimore City,2020,2816,35379,17820,21841,353940.0,588594.0,334.0,324.0,3441.0,5381.0,4116.0,11423.0,3128.0,28147.0,9480.0,18667.0
Baltimore County,2010,3613,46364,22574,31609,40543.0,797794.0,20.0,126.0,1341.0,2862.0,4119.0,18129.0,1880.0,28477.0,4349.0,24128.0
Baltimore County,2011,3631,47757,22772,30993,37622.0,812661.0,30.0,147.0,1457.0,2654.0,4295.0,18101.0,1710.0,28394.0,4288.0,24106.0
Baltimore County,2012,3658,49464,22771,31034,35417.0,817761.0,23.0,147.0,1368.0,2643.0,4079.0,17978.0,1572.0,27810.0,4181.0,23629.0
Baltimore County,2013,3667,50828,22956,30740,33657.0,822814.0,20.0,125.0,1511.0,2544.0,3949.0,18301.0,1463.0,27913.0,4200.0,23713.0
Baltimore County,2014,3752,51717,23436,30925,29718.0,828871.0,25.0,100.0,1512.0,2405.0,3493.0,17584.0,1499.0,26618.0,4042.0,22576.0
Baltimore County,2015,3827,52361,23936,31015,25410.0,829630.0,32.0,334.0,1525.0,2626.0,3587.0,17028.0,1770.0,26902.0,4517.0,22385.0
Baltimore County,2016,3831,52637,24512,31167,21835.0,831374.0,35.0,319.0,1498.0,2564.0,3695.0,17763.0,2070.0,27944.0,4416.0,23528.0
Baltimore County,2017,3767,52898,24949,31668,20946.0,834727.0,35.0,326.0,1536.0,3166.0,3128.0,18178.0,2029.0,28398.0,5063.0,23335.0
Baltimore County,2018,3903,52462,25299,32150,20794.0,829560.0,28.0,352.0,1337.0,3135.0,2612.0,16882.0,1847.0,26193.0,4852.0,21341.0
Baltimore County,2019,3964,52183,25885,33006,18489.0,827068.0,50.0,384.0,1163.0,3140.0,2567.0,16266.0,1602.0,25172.0,4737.0,20435.0
Baltimore County,2020,2877,48882,25984,33341,29634.0,826987.0,33.0,348.0,878.0,2566.0,3258.0,11608.0,1354.0,20045.0,3825.0,16220.0
Calvert County,2010,385,6891,3847,5672,19875.0,91279.0,1.0,19.0,33.0,141.0,517.0,1401.0,114.0,2226.0,194.0,2032.0
Calvert County,2011,386,6846,3796,5525,18307.0,89578.0,0.0,9.0,31.0,102.0,492.0,1424.0,65.0,2123.0,142.0,1981.0
Calvert County,2012,400,6733,3765,5425,16136.0,90118.0,2.0,8.0,22.0,83.0,400.0,1255.0,45.0,1815.0,115.0,1700.0
Calvert County,2013,362,6728,3794,5337,14567.0,90031.0,4.0,14.0,27.0,62.0,381.0,1190.0,64.0,1742.0,107.0,1635.0
Calvert County,2014,399,6598,3806,5228,12888.0,91047.0,0.0,1.0,30.0,100.0,347.0,1144.0,43.0,1665.0,131.0,1534.0
Calvert County,2015,410,6641,3801,5165,11218.0,90757.0,2.0,6.0,31.0,84.0,266.0,1064.0,37.0,1490.0,123.0,1367.0
Calvert County,2016,398,6665,3722,5165,9758.0,90403.0,1.0,14.0,15.0,110.0,238.0,905.0,41.0,1324.0,140.0,1184.0
Calvert County,2017,455,6645,3600,5208,8987.0,91587.0,2.0,12.0,14.0,79.0,151.0,743.0,57.0,1058.0,107.0,951.0
Calvert County,2018,440,6642,3720,5134,8190.0,91132.0,1.0,15.0,19.0,76.0,148.0,726.0,48.0,1033.0,111.0,922.0
Calvert County,2019,425,6710,3746,5141,7605.0,91927.0,0.0,18.0,19.0,96.0,122.0,678.0,40.0,973.0,133.0,840.0
Calvert County,2020,340,6198,3639,5115,11325.0,92622.0,1.0,15.0,13.0,111.0,99.0,574.0,53.0,866.0,140.0,726.0
Caroline County,2010,343,2458,1126,1590,77941.0,33937.0,1.0,2.0,25.0,100.0,348.0,620.0,50.0,1146.0,128.0,1018.0
Caroline County,2011,324,2499,1145,1577,69088.0,33379.0,2.0,2.0,24.0,84.0,382.0,693.0,34.0,1221.0,112.0,1109.0
Caroline County,2012,365,2516,1182,1522,65208.0,33303.0,3.0,11.0,21.0,80.0,337.0,571.0,40.0,1063.0,115.0,948.0
Caroline County,2013,310,2519,1215,1501,60796.0,32665.0,0.0,8.0,15.0,71.0,244.0,653.0,22.0,1013.0,94.0,919.0
Caroline County,2014,299,2532,1211,1550,52619.0,32662.0,2.0,5.0,11.0,87.0,200.0,559.0,24.0,888.0,105.0,783.0
Caroline County,2015,297,2546,1237,1522,46188.0,32308.0,0.0,7.0,15.0,57.0,139.0,491.0,18.0,727.0,79.0,648.0
Caroline County,2016,317,2542,1241,1605,39149.0,32294.0,0.0,6.0,5.0,51.0,153.0,487.0,27.0,729.0,62.0,667.0
Caroline County,2017,315,2555,1278,1639,37281.0,32795.0,0.0,6.0,11.0,39.0,149.0,428.0,34.0,667.0,56.0,611.0
Caroline County,2018,312,2554,1316,1647,36452.0,32947.0,0.0,10.0,17.0,26.0,84.0,369.0,18.0,524.0,53.0,471.0
Caroline County,2019,366,2476,1381,1651,32587.0,33170.0,1.0,6.0,14.0,24.0,111.0,369.0,18.0,543.0,45.0,498.0
Caroline County,2020,245,2316,1306,1686,55293.0,33336.0,0.0,7.0,7.0,49.0,65.0,313.0,18.0,459.0,63.0,396.0
Carroll County,2010,271,11700,6138,9225,60925.0,173047.0,4.0,36.0,40.0,269.0,523.0,2085.0,104.0,3061.0,349.0,2712.0
Carroll County,2011,296,11574,6158,9054,56004.0,168719.0,1.0,26.0,40.0,189.0,517.0,1856.0,94.0,2723.0,256.0,2467.0
Carroll County,2012,363,11370,6055,8899,51221.0,168903.0,3.0,19.0,47.0,237.0,689.0,1948.0,84.0,3027.0,306.0,2721.0
Carroll County,2013,372,11211,6115,8633,47902.0,167529.0,4.0,30.0,33.0,275.0,542.0,1735.0,65.0,2684.0,342.0,2342.0
Carroll County,2014,362,10966,6039,8512,40879.0,167966.0,2.0,19.0,42.0,304.0,536.0,1641.0,49.0,2593.0,367.0,2226.0
Carroll County,2015,373,10737,6086,8355,37050.0,167468.0,0.0,33.0,48.0,150.0,414.0,1578.0,52.0,2275.0,231.0,2044.0
Carroll County,2016,390,10641,5947,8278,31825.0,166742.0,2.0,21.0,55.0,178.0,352.0,1584.0,65.0,2257.0,256.0,2001.0
Carroll County,2017,348,10739,5865,8338,29591.0,167630.0,0.0,38.0,22.0,263.0,328.0,1551.0,82.0,2284.0,323.0,1961.0
Carroll County,2018,354,10712,5863,8250,27556.0,166519.0,1.0,33.0,45.0,196.0,216.0,1358.0,93.0,1942.0,275.0,1667.0
Carroll County,2019,371,10933,5857,8184,24641.0,167742.0,1.0,37.0,29.0,181.0,213.0,1311.0,72.0,1844.0,248.0,1596.0
Carroll County,2020,316,10484,5713,8055,36164.0,168032.0,5.0,36.0,19.0,127.0,164.0,974.0,48.0,1373.0,187.0,1186.0
Cecil County,2010,590,6860,3592,4895,66749.0,102940.0,6.0,39.0,152.0,476.0,967.0,2263.0,195.0,4098.0,673.0,3425.0
Cecil County,2011,590,6878,3582,4777,64269.0,102067.0,4.0,28.0,161.0,386.0,898.0,2368.0,175.0,4020.0,579.0,3441.0
Cecil County,2012,627,6850,3485,4672,62816.0,102676.0,2.0,38.0,119.0,390.0,870.0,2365.0,138.0,3922.0,549.0,3373.0
Cecil County,2013,720,6862,3548,4694,61729.0,102068.0,5.0,26.0,86.0,319.0,806.0,1958.0,111.0,3311.0,436.0,2875.0
Cecil County,2014,743,6800,3446,4692,54425.0,102296.0,4.0,38.0,90.0,364.0,614.0,2186.0,92.0,3388.0,496.0,2892.0
Cecil County,2015,758,6938,3443,4720,47173.0,102376.0,9.0,31.0,77.0,249.0,569.0,1969.0,123.0,3027.0,366.0,2661.0
Cecil County,2016,656,6850,3438,4689,41194.0,102033.0,3.0,25.0,70.0,275.0,526.0,1927.0,153.0,2979.0,373.0,2606.0
Cecil County,2017,580,6710,3438,4636,39916.0,102783.0,3.0,15.0,69.0,235.0,479.0,1549.0,143.0,2493.0,322.0,2171.0
Cecil County,2018,623,6559,3557,4568,39404.0,102148.0,2.0,28.0,87.0,239.0,421.0,1603.0,140.0,2520.0,356.0,2164.0
Cecil County,2019,664,6448,3575,4569,37293.0,102522.0,2.0,20.0,63.0,221.0,331.0,1610.0,143.0,2390.0,306.0,2084.0
Cecil County,2020,496,6097,3526,4599,67453.0,102707.0,1.0,18.0,37.0,216.0,253.0,1377.0,125.0,2027.0,272.0,1755.0
Charles County,2010,858,10686,6121,9185,23147.0,145349.0,2.0,35.0,171.0,505.0,707.0,2715.0,290.0,4425.0,713.0,3712.0
Charles County,2011,891,10729,5999,9159,22255.0,147940.0,3.0,26.0,176.0,383.0,767.0,2731.0,280.0,4366.0,588.0,3778.0
Charles County,2012,911,10938,5823,8972,20755.0,150570.0,6.0,32.0,154.0,383.0,614.0,2543.0,186.0,3918.0,575.0,3343.0
Charles County,2013,921,10997,5857,8680,18530.0,152067.0,3.0,24.0,147.0,414.0,704.0,2631.0,192.0,4115.0,588.0,3527.0
Charles County,2014,839,10991,5811,8617,15659.0,154633.0,2.0,23.0,148.0,373.0,507.0,2387.0,157.0,3597.0,546.0,3051.0
Charles County,2015,835,11149,5914,8409,13315.0,156234.0,3.0,23.0,120.0,435.0,539.0,2200.0,207.0,3527.0,581.0,2946.0
Charles County,2016,868,11214,5960,8348,11421.0,157065.0,6.0,38.0,139.0,381.0,396.0,2018.0,167.0,3145.0,564.0,2581.0
Charles County,2017,807,11466,6103,8515,10439.0,159441.0,8.0,39.0,126.0,367.0,408.0,2090.0,182.0,3220.0,540.0,2680.0
Charles County,2018,789,11508,6251,8560,9517.0,160284.0,11.0,48.0,121.0,471.0,244.0,2090.0,173.0,3158.0,651.0,2507.0
Charles County,2019,939,11459,6504,8619,8638.0,162578.0,5.0,64.0,127.0,393.0,304.0,2067.0,162.0,3122.0,589.0,2533.0
Charles County,2020,729,10946,6378,8715,12463.0,164609.0,16.0,47.0,96.0,381.0,257.0,1669.0,203.0,2669.0,540.0,2129.0
Dorchester County,2010,268,2040,979,1360,108981.0,32376.0,1.0,9.0,54.0,124.0,242.0,720.0,38.0,1188.0,188.0,1000.0
Dorchester County,2011,256,2081,943,1367,100389.0,32927.0,1.0,10.0,21.0,110.0,271.0,825.0,48.0,1286.0,142.0,1144.0
Dorchester County,2012,270,2155,997,1296,92972.0,32955.0,1.0,15.0,35.0,114.0,296.0,799.0,49.0,1309.0,165.0,1144.0
Dorchester County,2013,253,2242,998,1273,87799.0,32578.0,0.0,6.0,36.0,108.0,188.0,763.0,19.0,1120.0,150.0,970.0
Dorchester County,2014,213,2297,1011,1275,76540.0,32717.0,3.0,7.0,22.0,110.0,209.0,838.0,42.0,1231.0,142.0,1089.0
Dorchester County,2015,224,2245,1019,1251,67630.0,32453.0,1.0,12.0,39.0,135.0,219.0,909.0,51.0,1366.0,187.0,1179.0
Dorchester County,2016,254,2269,1044,1249,58091.0,32143.0,4.0,12.0,30.0,108.0,214.0,695.0,41.0,1104.0,154.0,950.0
Dorchester County,2017,236,2185,1063,1283,55911.0,32174.0,0.0,4.0,33.0,149.0,274.0,877.0,70.0,1407.0,186.0,1221.0
Dorchester County,2018,237,2133,1103,1312,55071.0,31832.0,1.0,5.0,29.0,123.0,205.0,604.0,25.0,992.0,158.0,834.0
Dorchester County,2019,223,2086,1123,1278,50247.0,31754.0,2.0,12.0,21.0,101.0,175.0,673.0,29.0,1013.0,136.0,877.0
Dorchester County,2020,170,1981,1139,1372,92580.0,31742.0,3.0,7.0,35.0,162.0,131.0,579.0,65.0,982.0,207.0,775.0
Frederick County,2010,984,17584,8894,12726,17304.0,232717.0,3.0,34.0,205.0,486.0,692.0,3100.0,178.0,4698.0,728.0,3970.0
Frederick County,2011,1063,17727,8943,12680,16133.0,235598.0,3.0,31.0,127.0,432.0,699.0,3107.0,174.0,4573.0,593.0,3980.0
Frederick County,2012,1067,17867,8914,12608,15535.0,239031.0,1.0,50.0,131.0,438.0,675.0,3105.0,198.0,4598.0,620.0,3978.0
Frederick County,2013,1111,18084,9018,12435,15075.0,241868.0,5.0,18.0,141.0,450.0,742.0,3234.0,150.0,4740.0,614.0,4126.0
Frederick County,2014,1101,18098,9068,12514,13124.0,243718.0,4.0,41.0,113.0,448.0,625.0,3025.0,83.0,4339.0,606.0,3733.0
Frederick County,2015,1185,18080,9035,12355,11606.0,245356.0,7.0,34.0,107.0,448.0,591.0,2800.0,110.0,4097.0,596.0,3501.0
Frederick County,2016,1206,18249,9319,12543,10180.0,246177.0,2.0,39.0,104.0,456.0,465.0,2585.0,118.0,3769.0,601.0,3168.0
Frederick County,2017,1285,18401,9649,12805,9395.0,249745.0,5.0,47.0,123.0,517.0,428.0,2412.0,104.0,3636.0,692.0,2944.0
Frederick County,2018,1259,18554,9976,12925,8743.0,252641.0,3.0,57.0,103.0,370.0,364.0,2519.0,107.0,3523.0,533.0,2990.0
Frederick County,2019,1399,18934,10303,13192,8080.0,257177.0,3.0,61.0,87.0,419.0,412.0,2318.0,116.0,3416.0,570.0,2846.0
Frederick County,2020,1063,18311,10304,13543,11850.0,261667.0,9.0,41.0,68.0,330.0,243.0,1870.0,110.0,2671.0,448.0,2223.0
Garrett County,2010,122,1797,921,1372,127439.0,29696.0,1.0,2.0,2.0,44.0,158.0,299.0,26.0,532.0,49.0,483.0
Garrett County,2011,131,1757,935,1254,117030.0,30382.0,2.0,5.0,3.0,60.0,190.0,339.0,22.0,621.0,70.0,551.0
Garrett County,2012,86,1787,915,1216,111482.0,30341.0,1.0,1.0,5.0,64.0,164.0,351.0,25.0,611.0,71.0,540.0
Garrett County,2013,100,1720,876,1190,105113.0,29839.0,0.0,2.0,5.0,121.0,174.0,375.0,23.0,700.0,128.0,572.0
Garrett County,2014,148,1720,840,1150,90841.0,29897.0,0.0,6.0,1.0,61.0,142.0,298.0,15.0,523.0,68.0,455.0
Garrett County,2015,174,1686,875,1121,78632.0,29487.0,0.0,8.0,4.0,46.0,142.0,312.0,9.0,521.0,58.0,463.0
Garrett County,2016,195,1628,897,1113,66556.0,29166.0,0.0,6.0,2.0,52.0,84.0,277.0,14.0,435.0,60.0,375.0
Garrett County,2017,161,1636,883,1131,62836.0,29299.0,0.0,3.0,2.0,48.0,141.0,288.0,10.0,492.0,53.0,439.0
Garrett County,2018,180,1613,895,1154,59705.0,28874.0,0.0,13.0,2.0,55.0,106.0,215.0,15.0,406.0,70.0,336.0
Garrett County,2019,205,1605,882,1142,55034.0,28898.0,0.0,18.0,0.0,61.0,65.0,283.0,5.0,432.0,79.0,353.0
Garrett County,2020,157,1515,837,1139,93314.0,28797.0,2.0,8.0,1.0,53.0,66.0,215.0,12.0,357.0,64.0,293.0
Harford County,2010,782,16776,8669,12167,111355.0,246347.0,6.0,63.0,196.0,588.0,889.0,3377.0,236.0,5355.0,853.0,4502.0
Harford County,2011,779,16766,8643,12036,103245.0,247147.0,5.0,39.0,148.0,451.0,779.0,2965.0,207.0,4594.0,643.0,3951.0
Harford County,2012,760,16834,8384,11890,99904.0,248869.0,3.0,54.0,156.0,484.0,1019.0,2806.0,206.0,4728.0,697.0,4031.0
Harford County,2013,770,16895,8576,11601,98269.0,250244.0,5.0,69.0,178.0,410.0,845.0,3087.0,131.0,4725.0,662.0,4063.0
Harford County,2014,772,16768,8440,11557,88652.0,250706.0,6.0,64.0,165.0,376.0,674.0,2875.0,106.0,4266.0,611.0,3655.0
Harford County,2015,811,16675,8651,11311,79256.0,250575.0,7.0,43.0,165.0,383.0,633.0,2408.0,108.0,3747.0,598.0,3149.0
Harford County,2016,840,16671,8508,11407,68391.0,249859.0,9.0,42.0,121.0,380.0,569.0,2813.0,90.0,4024.0,552.0,3472.0
Harford County,2017,906,16715,8675,11484,67168.0,251859.0,10.0,53.0,133.0,342.0,477.0,2290.0,84.0,3389.0,538.0,2851.0
Harford County,2018,952,16706,8796,11372,66108.0,251139.0,9.0,71.0,108.0,368.0,390.0,2299.0,143.0,3388.0,556.0,2832.0
Harford County,2019,1014,16870,9143,11402,60509.0,253798.0,7.0,49.0,90.0,327.0,346.0,1987.0,116.0,2922.0,473.0,2449.0
Harford County,2020,788,16138,8971,11436,111645.0,255760.0,5.0,34.0,61.0,311.0,234.0,1441.0,131.0,2217.0,411.0,1806.0
Howard County,2010,1003,21851,11484,16656,11580.0,286963.0,5.0,26.0,222.0,313.0,1393.0,5023.0,389.0,7371.0,566.0,6805.0
Howard County,2011,1066,22281,11541,16667,10562.0,289807.0,6.0,33.0,215.0,354.0,1110.0,5094.0,374.0,7186.0,608.0,6578.0
Howard County,2012,1084,22768,11501,16700,9611.0,295972.0,5.0,33.0,178.0,364.0,1185.0,4921.0,313.0,6999.0,580.0,6419.0
Howard County,2013,1125,23355,11909,16417,8840.0,303727.0,5.0,40.0,204.0,376.0,1032.0,4840.0,254.0,6751.0,625.0,6126.0
Howard County,2014,1174,23730,12296,16485,7868.0,309341.0,5.0,40.0,201.0,368.0,869.0,4629.0,231.0,6343.0,614.0,5729.0
Howard County,2015,1236,24283,12730,16621,6641.0,313717.0,2.0,69.0,226.0,426.0,787.0,4321.0,208.0,6039.0,723.0,5316.0
Howard County,2016,1290,24619,12915,16814,5759.0,316777.0,6.0,66.0,202.0,447.0,840.0,4391.0,306.0,6258.0,721.0,5537.0
Howard County,2017,1314,25012,13196,17262,5303.0,322066.0,5.0,70.0,202.0,498.0,810.0,4342.0,357.0,6284.0,775.0,5509.0
Howard County,2018,1337,25353,13448,17769,5280.0,323435.0,1.0,73.0,130.0,441.0,442.0,3855.0,255.0,5197.0,645.0,4552.0
Howard County,2019,1360,25499,13838,18171,4734.0,326167.0,8.0,57.0,167.0,285.0,428.0,3624.0,264.0,4833.0,517.0,4316.0
Howard County,2020,1014,24335,13710,18234,7440.0,329010.0,7.0,48.0,137.0,205.0,346.0,3000.0,250.0,3993.0,397.0,3596.0
Kent County,2010,148,930,466,639,368374.0,20464.0,0.0,3.0,13.0,36.0,134.0,212.0,21.0,419.0,52.0,367.0
Kent County,2011,122,947,445,648,343053.0,20388.0,0.0,3.0,9.0,53.0,165.0,209.0,16.0,455.0,65.0,390.0
Kent County,2012,119,946,444,621,331406.0,20399.0,0.0,7.0,21.0,57.0,113.0,234.0,9.0,441.0,85.0,356.0
Kent County,2013,126,946,446,599,319975.0,20232.0,0.0,0.0,22.0,42.0,100.0,227.0,10.0,401.0,64.0,337.0
Kent County,2014,139,934,439,594,282871.0,19915.0,0.0,1.0,6.0,39.0,125.0,210.0,5.0,386.0,46.0,340.0
Kent County,2015,120,896,447,566,251028.0,19664.0,0.0,6.0,22.0,50.0,131.0,170.0,3.0,382.0,78.0,304.0
Kent County,2016,110,880,438,573,217670.0,19592.0,0.0,3.0,14.0,24.0,89.0,158.0,6.0,294.0,41.0,253.0
Kent County,2017,128,833,448,584,214574.0,19642.0,1.0,4.0,8.0,16.0,63.0,117.0,6.0,215.0,29.0,186.0
Kent County,2018,112,821,416,563,208188.0,19116.0,0.0,5.0,5.0,17.0,37.0,108.0,2.0,174.0,27.0,147.0
Kent County,2019,117,812,421,568,192026.0,19186.0,0.0,3.0,7.0,11.0,56.0,121.0,5.0,203.0,21.0,182.0
Kent County,2020,79,773,380,580,403967.0,19273.0,0.0,3.0,6.0,17.0,32.0,91.0,3.0,152.0,26.0,126.0
Montgomery County,2010,3503,64353,30860,45307,443736.0,987166.0,16.0,123.0,975.0,683.0,3486.0,15830.0,1530.0,22643.0,1797.0,20846.0
Montgomery County,2011,3627,66324,31276,45232,436847.0,980991.0,15.0,115.0,878.0,681.0,3203.0,14046.0,1278.0,20216.0,1689.0,18527.0
Montgomery County,2012,3779,68322,31529,45150,418615.0,999353.0,14.0,106.0,878.0,876.0,2685.0,13636.0,1073.0,19268.0,1874.0,17394.0
Montgomery County,2013,3770,69943,32450,45132,399850.0,1016455.0,9.0,135.0,812.0,813.0,2728.0,12628.0,913.0,18038.0,1769.0,16269.0
Montgomery County,2014,4115,71199,33488,45633,348340.0,1029182.0,18.0,125.0,661.0,934.0,2442.0,13542.0,753.0,18475.0,1738.0,16737.0
Montgomery County,2015,4342,71505,34411,46122,300207.0,1041345.0,29.0,275.0,641.0,1087.0,1946.0,13820.0,768.0,18566.0,2032.0,16534.0
Montgomery County,2016,4320,71973,35267,47450,257548.0,1047303.0,15.0,338.0,698.0,783.0,1961.0,12776.0,872.0,17443.0,1834.0,15609.0
Montgomery County,2017,4423,72214,36080,48829,247794.0,1054933.0,26.0,319.0,737.0,805.0,1658.0,13449.0,828.0,17822.0,1887.0,15935.0
Montgomery County,2018,4579,71877,36568,49656,243671.0,1062595.0,20.0,421.0,582.0,840.0,1449.0,12029.0,784.0,16125.0,1863.0,14262.0
Montgomery County,2019,4680,72085,37708,50794,223251.0,1057224.0,14.0,388.0,580.0,853.0,1425.0,12548.0,888.0,16696.0,1835.0,14861.0
Montgomery County,2020,3597,68899,37376,50692,480645.0,1055918.0,18.0,370.0,460.0,912.0,1300.0,12397.0,1137.0,16594.0,1760.0,14834.0
Prince George's County,2010,6424,54333,26577,39337,23537.0,842550.0,91.0,204.0,3126.0,2781.0,8055.0,22116.0,6700.0,43073.0,6202.0,36871.0
Prince George's County,2011,5495,54948,26118,37272,21915.0,871606.0,95.0,183.0,2545.0,2346.0,6985.0,20013.0,5943.0,38110.0,5169.0,32941.0
Prince George's County,2012,5602,56375,25822,35938,20015.0,879645.0,63.0,173.0,2450.0,2260.0,6046.0,19988.0,5092.0,36072.0,4946.0,31126.0
Prince George's County,2013,5641,57829,26492,35174,18396.0,888070.0,56.0,176.0,2012.0,2246.0,5733.0,18542.0,4293.0,33058.0,4490.0,28568.0
Prince George's County,2014,5793,59372,26916,35495,15891.0,898019.0,56.0,206.0,1846.0,2020.0,4767.0,17498.0,4278.0,30671.0,4128.0,26543.0
Prince George's County,2015,5865,60256,27425,35393,14138.0,911524.0,78.0,278.0,1704.0,2079.0,3667.0,15149.0,3431.0,26386.0,4139.0,22247.0
Prince George's County,2016,5771,61246,27698,36099,12030.0,913206.0,88.0,277.0,1534.0,1620.0,2951.0,14389.0,3371.0,24230.0,3519.0,20711.0
Prince George's County,2017,5241,61425,28589,37067,11703.0,914736.0,81.0,130.0,1252.0,1486.0,2715.0,13740.0,3154.0,22558.0,2949.0,19609.0
Prince George's County,2018,5143,60855,29543,37126,10981.0,912326.0,61.0,262.0,1163.0,1315.0,2364.0,13012.0,2910.0,21087.0,2801.0,18286.0
Prince George's County,2019,5283,61505,30993,38181,10109.0,910354.0,75.0,201.0,1211.0,1341.0,1696.0,12325.0,2714.0,19563.0,2828.0,16735.0
Prince George's County,2020,3916,58896,30947,37898,17488.0,911234.0,93.0,250.0,1299.0,1519.0,1715.0,11564.0,2961.0,19401.0,3161.0,16240.0
Queen Anne's County,2010,288,3366,1681,2446,43251.0,49023.0,2.0,11.0,8.0,99.0,213.0,741.0,28.0,1102.0,120.0,982.0
Queen Anne's County,2011,252,3405,1692,2412,41521.0,48251.0,3.0,5.0,21.0,120.0,207.0,700.0,43.0,1099.0,149.0,950.0
Queen Anne's County,2012,249,3461,1727,2315,40124.0,48821.0,1.0,2.0,8.0,82.0,169.0,623.0,29.0,914.0,93.0,821.0
Queen Anne's County,2013,244,3384,1763,2325,38506.0,48932.0,2.0,5.0,22.0,87.0,247.0,576.0,22.0,961.0,116.0,845.0
Queen Anne's County,2014,244,3437,1747,2296,34342.0,48773.0,0.0,7.0,21.0,81.0,196.0,540.0,18.0,863.0,109.0,754.0
Queen Anne's County,2015,256,3396,1828,2237,31175.0,48890.0,0.0,6.0,17.0,73.0,187.0,490.0,21.0,794.0,96.0,698.0
Queen Anne's County,2016,259,3380,1787,2325,26930.0,48839.0,0.0,7.0,14.0,95.0,131.0,456.0,17.0,720.0,116.0,604.0
Queen Anne's County,2017,242,3354,1831,2351,25633.0,49084.0,1.0,4.0,4.0,65.0,129.0,459.0,21.0,683.0,74.0,609.0
Queen Anne's County,2018,248,3321,1802,2378,25037.0,49656.0,1.0,9.0,10.0,51.0,90.0,352.0,19.0,532.0,71.0,461.0
Queen Anne's County,2019,259,3249,1848,2408,22167.0,50313.0,0.0,10.0,5.0,57.0,70.0,334.0,28.0,504.0,72.0,432.0
Queen Anne's County,2020,224,2982,1805,2384,32416.0,50510.0,0.0,8.0,8.0,78.0,57.0,267.0,19.0,437.0,94.0,343.0
Somerset County,2010,214,1336,567,803,14500.0,26236.0,1.0,2.0,17.0,66.0,163.0,387.0,19.0,655.0,86.0,569.0
Somerset County,2011,201,1371,566,744,13980.0,26721.0,2.0,2.0,19.0,58.0,163.0,405.0,13.0,662.0,81.0,581.0
Somerset County,2012,214,1384,614,731,12983.0,26593.0,3.0,9.0,9.0,54.0,147.0,338.0,9.0,569.0,75.0,494.0
Somerset County,2013,217,1380,614,734,12185.0,26226.0,2.0,8.0,14.0,47.0,126.0,371.0,17.0,585.0,71.0,514.0
Somerset County,2014,205,1378,626,729,10363.0,26270.0,0.0,9.0,14.0,48.0,144.0,310.0,10.0,535.0,71.0,464.0
Somerset County,2015,192,1328,640,748,8938.0,25626.0,0.0,17.0,10.0,56.0,115.0,239.0,11.0,448.0,83.0,365.0
Somerset County,2016,185,1366,638,769,7754.0,25481.0,2.0,17.0,16.0,80.0,145.0,332.0,15.0,607.0,115.0,492.0
Somerset County,2017,210,1312,664,732,7449.0,25822.0,1.0,10.0,13.0,83.0,107.0,277.0,17.0,508.0,107.0,401.0
Somerset County,2018,199,1351,617,763,7632.0,25635.0,1.0,9.0,15.0,80.0,99.0,218.0,10.0,432.0,105.0,327.0
Somerset County,2019,215,1297,619,774,6557.0,25452.0,1.0,6.0,14.0,47.0,91.0,224.0,4.0,387.0,68.0,319.0
Somerset County,2020,156,1245,635,782,8449.0,25440.0,0.0,7.0,9.0,56.0,82.0,231.0,13.0,398.0,72.0,326.0
St. Mary's County,2010,807,7527,3760,5177,19048.0,105411.0,4.0,12.0,40.0,267.0,486.0,1655.0,103.0,2567.0,323.0,2244.0
St. Mary's County,2011,701,7831,3697,5220,17555.0,106148.0,1.0,23.0,61.0,186.0,712.0,1841.0,133.0,2957.0,271.0,2686.0
St. Mary's County,2012,741,7955,3709,5048,16533.0,108522.0,0.0,12.0,51.0,194.0,753.0,1938.0,87.0,3035.0,257.0,2778.0
St. Mary's County,2013,937,8034,3795,5075,14608.0,110294.0,3.0,6.0,62.0,172.0,641.0,1741.0,119.0,2744.0,243.0,2501.0
St. Mary's County,2014,922,8110,3847,5008,12348.0,110842.0,0.0,22.0,58.0,183.0,513.0,1625.0,73.0,2474.0,263.0,2211.0
St. Mary's County,2015,995,8150,3867,4929,11132.0,111234.0,2.0,20.0,51.0,224.0,545.0,1673.0,69.0,2584.0,297.0,2287.0
St. Mary's County,2016,939,8185,3919,5024,9476.0,111930.0,2.0,28.0,31.0,166.0,413.0,1591.0,71.0,2302.0,227.0,2075.0
St. Mary's County,2017,899,8039,3966,5149,9116.0,113700.0,4.0,21.0,50.0,141.0,471.0,1459.0,50.0,2196.0,216.0,1980.0
St. Mary's County,2018,956,7793,4093,5157,8661.0,112779.0,1.0,36.0,57.0,155.0,446.0,1391.0,76.0,2162.0,249.0,1913.0
St. Mary's County,2019,945,7779,4123,5236,7698.0,112993.0,1.0,29.0,46.0,155.0,333.0,1476.0,71.0,2111.0,231.0,1880.0
St. Mary's County,2020,522,7400,4076,5248,12475.0,114031.0,7.0,24.0,38.0,146.0,249.0,1194.0,86.0,1744.0,215.0,1529.0
Talbot County,2010,246,1936,907,1415,89240.0,36717.0,2.0,7.0,18.0,54.0,175.0,680.0,22.0,958.0,81.0,877.0
Talbot County,2011,268,1986,935,1358,81053.0,38140.0,0.0,6.0,23.0,56.0,227.0,664.0,31.0,1007.0,85.0,922.0
Talbot County,2012,293,1993,931,1353,71507.0,38392.0,0.0,13.0,18.0,58.0,242.0,610.0,18.0,959.0,89.0,870.0
Talbot County,2013,238,2004,974,1321,67295.0,38253.0,1.0,9.0,15.0,48.0,194.0,459.0,11.0,737.0,73.0,664.0
Talbot County,2014,258,2031,1007,1334,58422.0,38020.0,0.0,7.0,16.0,78.0,161.0,617.0,21.0,900.0,101.0,799.0
Talbot County,2015,224,2045,1002,1354,50631.0,37473.0,0.0,10.0,25.0,52.0,148.0,524.0,14.0,773.0,87.0,686.0
Talbot County,2016,271,1966,970,1386,44696.0,37221.0,0.0,18.0,16.0,49.0,150.0,544.0,14.0,791.0,83.0,708.0
Talbot County,2017,238,1988,996,1424,40899.0,37156.0,0.0,8.0,11.0,35.0,155.0,507.0,14.0,730.0,54.0,676.0
Talbot County,2018,278,1953,1015,1428,38714.0,36698.0,1.0,14.0,18.0,33.0,106.0,466.0,10.0,648.0,66.0,582.0
Talbot County,2019,251,1929,1048,1475,33754.0,36673.0,1.0,13.0,11.0,52.0,73.0,382.0,9.0,541.0,77.0,464.0
Talbot County,2020,232,1850,1025,1417,57216.0,36983.0,0.0,14.0,9.0,86.0,71.0,290.0,7.0,477.0,109.0,368.0
Washington County,2010,538,10018,5059,6591,60129.0,148210.0,0.0,25.0,115.0,306.0,692.0,2145.0,191.0,3474.0,446.0,3028.0
Washington County,2011,485,10048,5037,6670,59988.0,148828.0,2.0,9.0,97.0,342.0,862.0,2213.0,153.0,3678.0,450.0,3228.0
Washington County,2012,489,10185,5011,6718,56175.0,149634.0,3.0,21.0,104.0,259.0,809.0,2038.0,214.0,3448.0,387.0,3061.0
Washington County,2013,510,10214,5095,6676,51852.0,149938.0,6.0,18.0,121.0,243.0,785.0,2153.0,166.0,3492.0,388.0,3104.0
Washington County,2014,554,10044,5059,6670,45843.0,150339.0,6.0,24.0,153.0,296.0,809.0,2195.0,231.0,3714.0,479.0,3235.0
Washington County,2015,579,10031,5087,6606,40117.0,149573.0,9.0,30.0,121.0,293.0,809.0,1974.0,175.0,3411.0,453.0,2958.0
Washington County,2016,644,10120,5071,6710,36334.0,149090.0,3.0,27.0,147.0,273.0,834.0,2121.0,227.0,3632.0,450.0,3182.0
Washington County,2017,676,10015,5062,6842,33961.0,150632.0,9.0,35.0,168.0,360.0,616.0,1774.0,230.0,3192.0,572.0,2620.0
Washington County,2018,871,9853,5214,6743,31905.0,149781.0,8.0,44.0,136.0,399.0,590.0,2019.0,171.0,3367.0,587.0,2780.0
Washington County,2019,1128,9793,5297,6775,27870.0,150576.0,3.0,43.0,118.0,333.0,531.0,1596.0,151.0,2775.0,497.0,2278.0
Washington County,2020,797,9210,5157,6775,43038.0,150927.0,8.0,49.0,84.0,336.0,362.0,1277.0,133.0,2249.0,477.0,1772.0
Wicomico County,2010,572,6810,2998,4002,43614.0,95757.0,10.0,32.0,183.0,505.0,1124.0,2604.0,139.0,4597.0,730.0,3867.0
Wicomico County,2011,654,6806,3046,4014,43919.0,99669.0,4.0,25.0,106.0,448.0,893.0,2381.0,111.0,3968.0,583.0,3385.0
Wicomico County,2012,611,6911,3031,3936,39979.0,100148.0,5.0,30.0,148.0,371.0,764.0,2490.0,108.0,3916.0,554.0,3362.0
Wicomico County,2013,591,6925,2974,3941,38703.0,101431.0,3.0,38.0,142.0,321.0,837.0,2420.0,111.0,3872.0,504.0,3368.0
Wicomico County,2014,574,7003,2980,3988,35020.0,101594.0,2.0,31.0,101.0,319.0,673.0,2662.0,96.0,3884.0,453.0,3431.0
Wicomico County,2015,587,7105,3014,4084,31666.0,101897.0,7.0,43.0,126.0,300.0,636.0,2587.0,96.0,3795.0,476.0,3319.0
Wicomico County,2016,599,7102,3046,4142,27093.0,102475.0,5.0,25.0,148.0,321.0,542.0,2366.0,96.0,3503.0,499.0,3004.0
Wicomico County,2017,665,7080,2985,4223,25404.0,103135.0,9.0,31.0,124.0,344.0,560.0,2343.0,114.0,3525.0,508.0,3017.0
Wicomico County,2018,646,7021,3078,4204,24436.0,102673.0,3.0,33.0,99.0,318.0,455.0,2163.0,103.0,3174.0,453.0,2721.0
Wicomico County,2019,734,7036,3222,4211,22153.0,103219.0,1.0,36.0,77.0,312.0,392.0,1925.0,89.0,2832.0,426.0,2406.0
Wicomico County,2020,470,6492,3264,4128,32897.0,103796.0,3.0,32.0,91.0,370.0,253.0,1360.0,93.0,2202.0,496.0,1706.0
Worcester County,2010,368,2740,1455,2136,406372.0,49645.0,4.0,13.0,45.0,199.0,491.0,1817.0,48.0,2617.0,261.0,2356.0
Worcester County,2011,389,2748,1411,2095,378394.0,51942.0,1.0,7.0,28.0,212.0,423.0,1852.0,41.0,2564.0,248.0,2316.0
Worcester County,2012,391,2791,1463,2005,357080.0,52011.0,1.0,16.0,31.0,138.0,432.0,1751.0,33.0,2402.0,186.0,2216.0
Worcester County,2013,383,2855,1420,1991,341072.0,51718.0,2.0,14.0,28.0,173.0,356.0,1705.0,55.0,2333.0,217.0,2116.0
Worcester County,2014,380,2805,1473,1996,296871.0,51756.0,1.0,14.0,35.0,140.0,445.0,1754.0,38.0,2427.0,190.0,2237.0
Worcester County,2015,388,2830,1407,2035,260576.0,51566.0,1.0,15.0,27.0,102.0,273.0,1562.0,28.0,2008.0,145.0,1863.0
Worcester County,2016,354,2838,1450,2025,220868.0,51255.0,3.0,17.0,39.0,93.0,289.0,1514.0,32.0,1987.0,152.0,1835.0
Worcester County,2017,357,2864,1428,2035,209432.0,51408.0,2.0,26.0,43.0,106.0,220.0,1514.0,39.0,1950.0,177.0,1773.0
Worcester County,2018,402,2864,1500,2044,194654.0,51304.0,0.0,12.0,24.0,88.0,215.0,1178.0,34.0,1551.0,124.0,1427.0
Worcester County,2019,432,2921,1508,2021,170551.0,51606.0,0.0,12.0,24.0,94.0,186.0,1086.0,30.0,1432.0,130.0,1302.0
Worcester County,2020,351,2744,1538,2078,286313.0,52191.0,1.0,31.0,39.0,163.0,189.0,1085.0,28.0,1536.0,234.0,1302.0
